"","run.order","std.order","x1","x2","Time","Temp"
"1",1,1,-1,-1,80,170
"2",2,2,1,-1,90,170
"3",3,3,-1,1,80,180
"4",4,4,1,1,90,180
"5",5,5,0,0,85,175
"6",6,6,0,0,85,175
"7",1,1,-1.4142135623731,0,77.9289321881345,175
"8",2,2,1.4142135623731,0,92.0710678118655,175
"9",3,3,0,-1.4142135623731,85,167.928932188135
"10",4,4,0,1.4142135623731,85,182.071067811865
"11",5,5,0,0,85,175
"12",6,6,0,0,85,175
